session_id,station_id,start_time,end_time,energy_kwh,success
1,1,2025-01-01T23:17,2025-01-02T00:34,7.28,1
2,5,2025-01-03T18:27,2025-01-03T18:50,1.95,1
3,5,2025-01-20T00:35,2025-01-20T01:40,7.74,1
4,4,2025-01-08T14:37,2025-01-08T16:03,10.65,1
5,2,2025-01-23T13:21,2025-01-23T14:47,7.84,0
6,3,2025-01-04T02:24,2025-01-04T03:03,3.95,1
7,3,2025-01-26T01:46,2025-01-26T03:58,14.54,0
8,4,2025-01-03T17:18,2025-01-03T21:05,26.05,1
9,3,2025-01-19T06:45,2025-01-19T07:17,2.74,1
10,3,2025-01-03T07:55,2025-01-03T08:35,4.09,1
11,3,2025-01-06T11:22,2025-01-06T12:30,7.95,1
12,1,2025-01-20T20:10,2025-01-20T22:41,18.09,1
13,4,2025-01-09T20:44,2025-01-09T23:21,14.81,1
14,1,2025-01-08T01:51,2025-01-08T03:26,9.82,1
15,5,2025-01-29T22:20,2025-01-29T23:29,8.01,1
16,4,2025-01-05T08:08,2025-01-05T09:26,9.41,1
17,5,2025-01-14T18:25,2025-01-14T20:12,10.09,0
18,5,2025-01-16T02:48,2025-01-16T03:15,3.41,1
19,2,2025-01-26T21:27,2025-01-27T00:14,14.45,1
20,4,2025-01-17T08:35,2025-01-17T12:30,30.66,1
21,1,2025-01-22T17:48,2025-01-22T19:11,10.11,1
22,3,2025-01-14T05:29,2025-01-14T05:44,1.97,1
23,3,2025-01-17T05:32,2025-01-17T06:14,5.33,1
24,5,2025-01-20T06:09,2025-01-20T07:59,13.36,1
25,5,2025-01-30T00:38,2025-01-30T02:15,10.45,1
26,3,2025-01-29T09:15,2025-01-29T09:44,2.77,1
27,1,2025-01-03T23:31,2025-01-04T03:14,19.36,1
28,2,2025-01-05T21:30,2025-01-06T00:05,14.2,1
29,5,2025-01-14T06:59,2025-01-14T09:32,18.53,1
30,3,2025-01-13T21:41,2025-01-13T23:31,11.58,1
31,1,2025-01-08T07:04,2025-01-08T08:45,8.52,1
32,5,2025-01-08T00:04,2025-01-08T03:20,22.52,1
33,1,2025-01-28T10:04,2025-01-28T12:30,13.9,1
34,2,2025-01-18T04:46,2025-01-18T08:46,26.85,1
35,4,2025-01-26T13:12,2025-01-26T13:51,3.44,1
36,4,2025-01-14T14:55,2025-01-14T18:16,17.29,1
37,1,2025-01-02T12:46,2025-01-02T14:27,12.46,1
38,2,2025-01-07T17:28,2025-01-07T18:18,5.22,1
39,2,2025-01-28T02:28,2025-01-28T06:09,27.93,1
40,1,2025-01-21T17:53,2025-01-21T18:11,2.37,0
41,2,2025-01-06T13:31,2025-01-06T15:49,12.97,1
42,1,2025-01-06T12:00,2025-01-06T13:54,11.01,1
43,4,2025-01-10T13:44,2025-01-10T17:06,26.89,1
44,4,2025-01-05T06:18,2025-01-05T07:28,9.22,1
45,5,2025-01-02T23:20,2025-01-02T23:49,2.49,1
46,5,2025-01-06T01:32,2025-01-06T02:07,4.41,1
47,1,2025-01-22T07:25,2025-01-22T08:10,5.87,1
48,5,2025-01-20T01:39,2025-01-20T02:14,3.65,1
49,5,2025-01-11T08:13,2025-01-11T11:19,22.16,1
50,4,2025-01-05T21:41,2025-01-05T23:12,9.66,0
51,1,2025-01-01T14:39,2025-01-01T17:18,21.17,1
52,2,2025-01-17T08:08,2025-01-17T09:52,13.25,1
53,3,2025-01-10T05:28,2025-01-10T09:16,25.19,1
54,5,2025-01-01T21:52,2025-01-02T00:28,15.34,1
55,2,2025-01-09T03:56,2025-01-09T04:38,5.06,1
56,3,2025-01-20T06:45,2025-01-20T08:27,9.54,1
57,3,2025-01-17T15:16,2025-01-17T19:07,19.84,1
58,3,2025-01-02T00:21,2025-01-02T03:53,19.05,0
59,2,2025-01-24T14:35,2025-01-24T17:50,20.42,1
60,1,2025-01-29T22:57,2025-01-29T23:50,5.86,1
61,5,2025-01-18T04:27,2025-01-18T05:14,4.01,1
62,1,2025-01-29T11:13,2025-01-29T14:22,18.11,1
63,5,2025-01-29T13:39,2025-01-29T17:05,18.76,0
64,2,2025-01-26T05:56,2025-01-26T07:56,10.15,1
65,3,2025-01-26T13:51,2025-01-26T16:57,23.54,1
66,3,2025-01-06T22:06,2025-01-06T23:58,14.22,1
67,2,2025-01-07T14:22,2025-01-07T15:55,11.57,1
68,2,2025-01-01T21:12,2025-01-01T23:09,11.67,1
69,3,2025-01-12T20:32,2025-01-12T22:29,13.73,1
70,3,2025-01-01T03:56,2025-01-01T05:17,7.47,0
71,3,2025-01-02T03:38,2025-01-02T05:44,12.68,1
72,4,2025-01-20T16:07,2025-01-20T18:00,14.5,1
73,1,2025-01-23T13:00,2025-01-23T15:28,19.18,1
74,2,2025-01-12T13:04,2025-01-12T16:09,23.93,1
75,1,2025-01-24T09:32,2025-01-24T11:06,10.97,1
76,3,2025-01-18T04:12,2025-01-18T06:14,14.22,1
77,2,2025-01-20T18:19,2025-01-20T20:17,13.07,1
78,3,2025-01-07T13:50,2025-01-07T16:33,18.53,1
79,4,2025-01-15T21:13,2025-01-15T23:38,15.51,0
80,2,2025-01-22T02:18,2025-01-22T04:44,17.01,1
81,1,2025-01-27T07:43,2025-01-27T09:17,8.89,1
82,1,2025-01-02T07:30,2025-01-02T10:21,21.52,1
83,4,2025-01-29T20:36,2025-01-29T21:40,7.63,1
84,4,2025-01-08T04:41,2025-01-08T07:52,15.97,1
85,1,2025-01-25T13:14,2025-01-25T14:14,7.41,1
86,4,2025-01-02T17:15,2025-01-02T21:07,20.74,1
87,4,2025-01-22T16:35,2025-01-22T19:22,16.57,1
88,4,2025-01-20T23:57,2025-01-21T02:21,15.07,0
89,4,2025-01-29T05:47,2025-01-29T09:42,25.16,1
90,2,2025-01-27T20:17,2025-01-27T23:48,25.79,1
91,2,2025-01-09T14:04,2025-01-09T17:21,19.23,1
92,3,2025-01-29T17:05,2025-01-29T17:55,4.54,1
93,2,2025-01-23T06:04,2025-01-23T08:05,12.55,1
94,4,2025-01-02T06:53,2025-01-02T08:55,12.54,1
95,1,2025-01-28T18:24,2025-01-28T20:41,11.46,1
96,4,2025-01-28T13:34,2025-01-28T17:00,24.73,1
97,2,2025-01-16T07:17,2025-01-16T09:23,13.56,1
98,4,2025-01-24T05:53,2025-01-24T08:07,17.33,0
99,5,2025-01-01T12:37,2025-01-01T15:16,18.52,1
100,4,2025-01-05T14:11,2025-01-05T14:38,2.6,1
101,4,2025-01-11T10:48,2025-01-11T14:48,24.55,1
102,4,2025-01-09T02:30,2025-01-09T02:49,2.29,1
103,3,2025-01-08T20:04,2025-01-08T23:38,28.08,1
104,1,2025-01-08T06:53,2025-01-08T07:13,2.29,1
105,4,2025-01-22T03:36,2025-01-22T04:46,7.46,1
106,3,2025-01-06T19:38,2025-01-06T23:04,24.57,1
107,2,2025-01-10T03:37,2025-01-10T03:58,2.73,1
108,4,2025-01-13T22:12,2025-01-13T22:46,3.84,1
109,2,2025-01-04T22:49,2025-01-05T00:21,11.58,1
110,1,2025-01-26T18:50,2025-01-26T19:15,2.52,1
111,3,2025-01-03T16:41,2025-01-03T18:23,8.56,1
112,4,2025-01-04T13:23,2025-01-04T16:20,22.64,1
113,2,2025-01-14T05:46,2025-01-14T08:14,19.48,1
114,5,2025-01-25T15:29,2025-01-25T17:35,15.7,1
115,3,2025-01-28T07:53,2025-01-28T08:30,3.6,1
116,4,2025-01-19T19:42,2025-01-19T21:34,11.22,1
117,3,2025-01-06T15:13,2025-01-06T16:58,12.94,1
118,5,2025-01-23T08:35,2025-01-23T08:52,1.86,1
119,2,2025-01-24T13:31,2025-01-24T16:08,19.03,1
120,4,2025-01-15T00:05,2025-01-15T01:35,8.5,1
121,3,2025-01-22T18:23,2025-01-22T20:39,15.1,1
122,5,2025-01-11T11:44,2025-01-11T13:55,12.69,1
123,1,2025-01-24T06:20,2025-01-24T07:05,5.42,0
124,2,2025-01-07T06:47,2025-01-07T09:05,13.41,1
125,5,2025-01-20T09:06,2025-01-20T12:54,21.21,1
126,2,2025-01-10T00:45,2025-01-10T03:16,13.54,1
127,1,2025-01-18T09:44,2025-01-18T10:31,5.42,1
128,1,2025-01-28T00:36,2025-01-28T02:03,9.29,1
129,2,2025-01-02T08:55,2025-01-02T11:12,12.2,1
130,4,2025-01-03T18:40,2025-01-03T21:50,16.34,1
131,5,2025-01-10T02:15,2025-01-10T03:00,5.01,1
132,5,2025-01-26T19:14,2025-01-26T22:47,23.32,1
133,4,2025-01-10T18:27,2025-01-10T20:00,10.39,1
134,1,2025-01-25T06:40,2025-01-25T07:49,6.66,1
135,2,2025-01-06T17:04,2025-01-06T17:59,4.59,1
136,5,2025-01-16T09:02,2025-01-16T10:16,7.23,1
137,4,2025-01-03T21:14,2025-01-03T22:36,10.06,1
138,2,2025-01-14T03:34,2025-01-14T04:46,8.33,0
139,2,2025-01-03T01:10,2025-01-03T04:47,21.42,1
140,5,2025-01-30T09:28,2025-01-30T10:14,4.91,1
141,4,2025-01-09T16:34,2025-01-09T18:55,14.84,1
142,4,2025-01-24T10:38,2025-01-24T11:57,6.69,1
143,5,2025-01-19T00:48,2025-01-19T03:55,23.26,1
144,2,2025-01-16T16:41,2025-01-16T18:49,16.53,1
145,5,2025-01-14T20:52,2025-01-14T23:12,18.45,1
146,4,2025-01-11T10:42,2025-01-11T11:23,5.18,1
147,4,2025-01-10T21:25,2025-01-11T01:08,27.06,1
148,1,2025-01-11T08:20,2025-01-11T09:04,5.8,1
149,5,2025-01-27T00:42,2025-01-27T04:39,26.18,1
150,2,2025-01-17T11:39,2025-01-17T15:07,22.52,1
151,1,2025-01-07T08:35,2025-01-07T09:23,6.23,1
152,4,2025-01-04T00:40,2025-01-04T03:30,20.96,1
153,3,2025-01-18T00:35,2025-01-18T02:34,10.47,0
154,1,2025-01-15T03:41,2025-01-15T07:29,20.76,0
155,3,2025-01-17T22:17,2025-01-18T00:18,15.13,0
156,2,2025-01-15T17:09,2025-01-15T19:02,10.49,1
157,2,2025-01-28T02:17,2025-01-28T05:49,26.04,1
158,5,2025-01-09T00:18,2025-01-09T03:38,19.65,1
159,4,2025-01-28T04:28,2025-01-28T07:00,16.35,1
160,5,2025-01-13T14:59,2025-01-13T16:36,12.3,0
161,2,2025-01-19T12:14,2025-01-19T16:08,28.57,1
162,4,2025-01-23T12:24,2025-01-23T15:28,22.62,1
163,2,2025-01-16T01:08,2025-01-16T03:31,18.82,1
164,1,2025-01-28T14:06,2025-01-28T16:35,19.2,1
165,2,2025-01-14T20:09,2025-01-14T20:43,3.63,0
166,3,2025-01-20T22:25,2025-01-21T01:26,15.81,1
167,5,2025-01-13T10:40,2025-01-13T13:58,25.29,1
168,5,2025-01-02T19:04,2025-01-02T20:19,8.62,0
169,2,2025-01-24T02:27,2025-01-24T03:07,4.85,1
170,1,2025-01-15T05:44,2025-01-15T07:15,11.69,1
171,1,2025-01-10T11:23,2025-01-10T13:28,11.33,1
172,5,2025-01-22T05:10,2025-01-22T06:09,5.15,1
173,5,2025-01-22T07:31,2025-01-22T10:15,14.84,1
174,3,2025-01-15T08:42,2025-01-15T08:59,2.18,1
175,3,2025-01-22T17:10,2025-01-22T17:43,3.48,1
176,5,2025-01-10T20:27,2025-01-10T23:38,18.31,1
177,2,2025-01-13T15:06,2025-01-13T16:21,7.68,1
178,3,2025-01-23T09:01,2025-01-23T12:48,26.39,1
179,5,2025-01-28T21:49,2025-01-29T01:14,27.06,0
180,4,2025-01-27T09:49,2025-01-27T13:28,20.77,1
181,2,2025-01-21T06:39,2025-01-21T07:58,9.26,1
182,2,2025-01-21T03:57,2025-01-21T06:52,20.24,1
183,4,2025-01-02T18:23,2025-01-02T21:45,18.16,0
184,3,2025-01-24T13:11,2025-01-24T14:17,5.94,1
185,3,2025-01-17T16:58,2025-01-17T18:22,10.49,1
186,4,2025-01-26T09:47,2025-01-26T13:44,23.76,1
187,1,2025-01-05T07:55,2025-01-05T11:03,22.47,0
188,5,2025-01-12T02:50,2025-01-12T04:46,9.75,1
189,4,2025-01-12T21:47,2025-01-13T00:54,18.03,1
190,3,2025-01-04T21:14,2025-01-04T23:29,11.42,1
191,5,2025-01-11T19:14,2025-01-11T22:14,15.57,1
192,3,2025-01-21T13:07,2025-01-21T13:57,4.28,1
193,4,2025-01-04T03:15,2025-01-04T05:47,13.7,1
194,5,2025-01-14T18:47,2025-01-14T22:08,18.3,1
195,1,2025-01-27T15:39,2025-01-27T17:38,15.5,1
196,3,2025-01-07T14:28,2025-01-07T15:43,9.46,1
197,3,2025-01-18T20:22,2025-01-18T20:52,3.1,1
198,1,2025-01-28T14:05,2025-01-28T17:09,17.28,1
199,1,2025-01-02T10:15,2025-01-02T11:02,5.77,1
200,5,2025-01-07T18:13,2025-01-07T21:56,28.28,1
201,2,2025-01-26T19:00,2025-01-26T20:25,10.73,1
202,2,2025-01-18T08:51,2025-01-18T09:50,5.24,1
203,2,2025-01-01T11:50,2025-01-01T15:26,20.57,1
204,2,2025-01-09T01:08,2025-01-09T04:32,21.29,1
205,1,2025-01-16T14:49,2025-01-16T16:36,11.66,1
206,5,2025-01-08T19:02,2025-01-08T22:23,24.62,1
207,5,2025-01-10T14:41,2025-01-10T15:03,1.9,1
208,4,2025-01-14T21:06,2025-01-14T23:26,16.65,1
209,1,2025-01-11T19:09,2025-01-11T19:40,2.78,1
210,5,2025-01-18T22:20,2025-01-19T00:12,14.9,1
211,4,2025-01-17T19:27,2025-01-17T20:07,4.92,1
212,5,2025-01-24T06:27,2025-01-24T08:37,16.61,1
213,4,2025-01-13T13:46,2025-01-13T14:25,3.86,1
214,3,2025-01-12T04:43,2025-01-12T06:59,11.79,1
215,1,2025-01-14T03:47,2025-01-14T07:11,20.8,1
216,1,2025-01-19T17:35,2025-01-19T19:14,11.57,1
217,4,2025-01-28T23:03,2025-01-29T00:31,9.98,1
218,5,2025-01-17T06:09,2025-01-17T09:12,19.66,1
219,3,2025-01-28T17:23,2025-01-28T18:07,5.34,1
220,4,2025-01-28T17:49,2025-01-28T21:33,25.63,1
221,5,2025-01-01T19:59,2025-01-01T23:02,22.84,1
222,2,2025-01-09T22:48,2025-01-10T00:22,12.16,1
223,2,2025-01-28T04:36,2025-01-28T07:39,18.92,1
224,1,2025-01-03T23:33,2025-01-04T00:43,7.15,1
225,2,2025-01-12T09:46,2025-01-12T11:24,11.97,1
226,1,2025-01-29T01:09,2025-01-29T02:04,6.66,1
227,1,2025-01-09T14:42,2025-01-09T16:45,13.24,1
228,3,2025-01-07T16:07,2025-01-07T17:50,10.8,1
229,5,2025-01-16T16:42,2025-01-16T18:15,7.96,1
230,5,2025-01-02T00:13,2025-01-02T01:45,12.02,1
231,3,2025-01-10T10:07,2025-01-10T10:23,1.73,1
232,2,2025-01-13T17:45,2025-01-13T18:58,7.91,1
233,3,2025-01-03T12:55,2025-01-03T16:19,17.43,1
234,1,2025-01-28T10:36,2025-01-28T12:40,13.89,1
235,4,2025-01-10T03:25,2025-01-10T03:45,2.63,1
236,5,2025-01-15T22:58,2025-01-16T00:45,9.39,1
237,2,2025-01-14T18:25,2025-01-14T20:54,13.0,1
238,3,2025-01-08T10:49,2025-01-08T11:47,5.05,1
239,5,2025-01-17T06:57,2025-01-17T10:30,21.47,1
240,2,2025-01-08T03:09,2025-01-08T04:29,7.46,1
241,1,2025-01-06T20:31,2025-01-06T22:44,16.1,1
242,4,2025-01-22T18:41,2025-01-22T21:38,23.48,1
243,3,2025-01-05T14:04,2025-01-05T16:19,14.23,1
244,3,2025-01-19T01:22,2025-01-19T03:46,12.53,1
245,1,2025-01-02T11:53,2025-01-02T13:21,7.67,1
246,1,2025-01-20T19:32,2025-01-20T21:25,12.03,1
247,1,2025-01-15T18:41,2025-01-15T19:44,6.26,1
248,2,2025-01-02T14:06,2025-01-02T17:48,28.48,1
249,1,2025-01-17T20:11,2025-01-17T20:36,2.39,1
250,4,2025-01-17T16:39,2025-01-17T17:34,5.58,0
251,4,2025-01-14T10:43,2025-01-14T13:31,14.44,1
252,3,2025-01-03T10:06,2025-01-03T12:43,18.41,1
253,5,2025-01-28T04:21,2025-01-28T04:56,3.94,1
254,3,2025-01-10T20:44,2025-01-10T23:48,18.94,1
255,1,2025-01-10T17:24,2025-01-10T20:23,22.0,1
256,5,2025-01-03T20:42,2025-01-03T22:45,13.38,1
257,3,2025-01-06T06:21,2025-01-06T09:52,22.71,1
258,2,2025-01-05T02:18,2025-01-05T06:09,28.35,1
259,5,2025-01-27T23:56,2025-01-28T02:25,12.7,1
260,5,2025-01-05T19:24,2025-01-05T20:18,4.94,1
261,5,2025-01-26T05:46,2025-01-26T07:53,10.86,1
262,2,2025-01-15T19:18,2025-01-15T22:45,25.0,1
263,5,2025-01-08T09:51,2025-01-08T13:26,22.96,1
264,3,2025-01-22T18:28,2025-01-22T20:41,16.2,1
265,5,2025-01-17T13:10,2025-01-17T16:54,20.9,1
266,3,2025-01-02T20:30,2025-01-03T00:28,24.25,0
267,5,2025-01-28T03:18,2025-01-28T03:54,4.37,1
268,5,2025-01-05T13:05,2025-01-05T14:16,8.82,1
269,1,2025-01-14T01:25,2025-01-14T03:48,14.59,1
270,1,2025-01-12T07:01,2025-01-12T08:37,12.47,1
271,3,2025-01-26T04:08,2025-01-26T04:32,2.34,1
272,2,2025-01-25T22:30,2025-01-26T00:39,14.72,0
273,1,2025-01-09T06:53,2025-01-09T07:46,5.87,1
274,5,2025-01-14T03:49,2025-01-14T05:17,8.38,1
275,2,2025-01-14T20:50,2025-01-14T23:44,18.48,1
276,4,2025-01-20T17:01,2025-01-20T19:57,19.2,1
277,2,2025-01-10T13:00,2025-01-10T15:52,17.37,1
278,2,2025-01-22T21:05,2025-01-22T23:34,19.68,1
279,5,2025-01-18T16:50,2025-01-18T19:14,15.99,1
280,4,2025-01-02T20:24,2025-01-02T22:14,10.56,1
281,1,2025-01-12T07:46,2025-01-12T10:49,21.0,1
282,3,2025-01-05T01:22,2025-01-05T03:56,15.44,1
283,4,2025-01-23T15:40,2025-01-23T16:41,7.56,1
284,4,2025-01-02T09:12,2025-01-02T09:38,3.2,1
285,3,2025-01-30T09:32,2025-01-30T11:28,15.4,1
286,3,2025-01-02T20:12,2025-01-02T21:40,8.9,1
287,3,2025-01-09T03:51,2025-01-09T05:40,11.46,1
288,4,2025-01-29T12:21,2025-01-29T13:23,6.7,1
289,5,2025-01-09T02:46,2025-01-09T04:49,10.74,1
290,2,2025-01-18T09:20,2025-01-18T10:01,3.58,1
291,3,2025-01-15T19:45,2025-01-15T21:49,11.37,1
292,4,2025-01-02T23:55,2025-01-03T01:40,11.98,1
293,1,2025-01-03T21:40,2025-01-03T23:38,11.98,1
294,2,2025-01-01T04:54,2025-01-01T07:44,19.93,1
295,2,2025-01-03T07:49,2025-01-03T10:49,18.3,1
296,5,2025-01-02T19:09,2025-01-02T22:17,19.9,1
297,4,2025-01-25T02:36,2025-01-25T03:26,5.49,1
298,3,2025-01-08T03:01,2025-01-08T06:24,18.81,1
299,5,2025-01-04T08:49,2025-01-04T10:10,9.6,1
300,5,2025-01-10T22:58,2025-01-11T01:18,13.07,1
301,1,2025-01-15T05:57,2025-01-15T09:14,20.8,1
302,3,2025-01-22T11:45,2025-01-22T12:16,3.44,1
303,3,2025-01-28T05:45,2025-01-28T09:01,25.42,1
304,3,2025-01-17T07:07,2025-01-17T08:13,8.11,1
305,4,2025-01-01T11:35,2025-01-01T14:16,16.39,1
306,5,2025-01-05T19:56,2025-01-05T20:33,3.2,1
307,4,2025-01-17T13:49,2025-01-17T15:48,14.82,1
308,3,2025-01-21T02:28,2025-01-21T04:42,15.72,1
309,5,2025-01-21T18:11,2025-01-21T21:42,27.78,1
310,1,2025-01-27T03:33,2025-01-27T04:27,5.32,1
311,2,2025-01-12T16:57,2025-01-12T18:24,10.93,1
312,5,2025-01-09T04:40,2025-01-09T06:12,10.49,1
313,2,2025-01-19T18:09,2025-01-19T19:07,6.74,1
314,5,2025-01-11T18:02,2025-01-11T21:48,28.59,1
315,5,2025-01-09T20:13,2025-01-09T23:44,23.62,1
316,1,2025-01-16T20:34,2025-01-16T22:03,10.27,1
317,2,2025-01-26T21:25,2025-01-26T22:56,9.65,1
318,2,2025-01-15T13:30,2025-01-15T15:43,12.44,1
319,3,2025-01-28T22:20,2025-01-29T01:42,26.81,1
320,4,2025-01-05T11:32,2025-01-05T14:10,14.01,1
321,1,2025-01-09T14:15,2025-01-09T15:06,4.5,1
322,4,2025-01-28T19:26,2025-01-28T20:44,10.25,0
323,3,2025-01-30T18:46,2025-01-30T20:21,8.82,1
324,5,2025-01-15T15:56,2025-01-15T17:29,10.06,1
325,4,2025-01-17T14:15,2025-01-17T15:25,7.88,1
326,3,2025-01-16T19:56,2025-01-16T23:46,26.69,1
327,5,2025-01-01T03:27,2025-01-01T04:16,6.25,1
328,4,2025-01-12T01:25,2025-01-12T01:53,3.13,1
329,5,2025-01-10T02:24,2025-01-10T04:48,15.24,1
330,5,2025-01-22T19:07,2025-01-22T19:54,6.21,1
331,3,2025-01-18T11:48,2025-01-18T12:39,4.76,1
332,5,2025-01-02T01:02,2025-01-02T01:52,5.95,1
333,5,2025-01-15T04:38,2025-01-15T07:04,13.19,0
334,3,2025-01-06T12:39,2025-01-06T16:03,25.59,1
335,5,2025-01-27T16:34,2025-01-27T18:54,16.63,1
336,1,2025-01-12T10:43,2025-01-12T11:26,5.69,1
337,1,2025-01-20T15:16,2025-01-20T18:18,22.29,1
338,5,2025-01-08T23:03,2025-01-09T01:47,17.61,1
339,5,2025-01-25T12:09,2025-01-25T15:54,26.41,1
340,1,2025-01-07T00:28,2025-01-07T02:03,9.91,1
341,2,2025-01-14T16:49,2025-01-14T19:40,22.12,1
342,1,2025-01-23T04:33,2025-01-23T05:41,7.57,0
343,4,2025-01-17T12:20,2025-01-17T13:19,6.27,1
344,5,2025-01-12T21:49,2025-01-13T01:46,28.29,1
345,3,2025-01-20T15:12,2025-01-20T16:30,7.59,1
346,3,2025-01-25T09:45,2025-01-25T10:53,8.01,1
347,4,2025-01-12T17:59,2025-01-12T21:37,26.03,1
348,5,2025-01-22T17:24,2025-01-22T19:20,14.41,0
349,2,2025-01-10T01:18,2025-01-10T04:35,17.2,0
350,3,2025-01-24T15:13,2025-01-24T16:19,8.23,1
351,5,2025-01-23T08:08,2025-01-23T08:50,4.79,1
352,2,2025-01-02T21:57,2025-01-03T00:27,14.19,1
353,1,2025-01-14T10:45,2025-01-14T13:00,11.93,1
354,1,2025-01-18T05:26,2025-01-18T08:28,23.68,1
355,4,2025-01-21T06:48,2025-01-21T08:16,8.75,1
356,1,2025-01-21T18:14,2025-01-21T20:45,18.16,1
357,1,2025-01-30T05:26,2025-01-30T09:26,30.05,0
358,1,2025-01-27T12:50,2025-01-27T15:11,13.06,1
359,3,2025-01-29T01:00,2025-01-29T02:31,10.17,1
360,3,2025-01-10T14:41,2025-01-10T17:15,16.87,1
361,2,2025-01-28T16:29,2025-01-28T17:53,7.81,1
362,2,2025-01-24T14:41,2025-01-24T16:01,9.54,1
363,3,2025-01-26T09:36,2025-01-26T12:43,22.66,1
364,4,2025-01-27T13:32,2025-01-27T15:10,8.59,1
365,2,2025-01-05T15:20,2025-01-05T16:38,6.53,1
366,4,2025-01-25T08:21,2025-01-25T09:53,10.35,1
367,3,2025-01-21T11:44,2025-01-21T12:59,6.48,1
368,3,2025-01-06T12:43,2025-01-06T15:06,18.52,1
369,3,2025-01-23T03:40,2025-01-23T05:10,9.15,1
370,2,2025-01-16T04:29,2025-01-16T07:55,27.35,1
371,5,2025-01-30T15:48,2025-01-30T18:20,18.76,1
372,2,2025-01-22T19:55,2025-01-22T23:31,18.88,1
373,3,2025-01-03T18:07,2025-01-03T18:37,3.74,0
374,2,2025-01-19T17:09,2025-01-19T18:06,5.69,1
375,1,2025-01-22T06:45,2025-01-22T09:29,17.68,1
376,4,2025-01-26T01:29,2025-01-26T02:17,5.23,1
377,1,2025-01-18T14:43,2025-01-18T18:24,21.82,1
378,3,2025-01-27T00:47,2025-01-27T01:57,7.86,1
379,3,2025-01-23T02:34,2025-01-23T03:04,3.9,1
380,4,2025-01-02T09:26,2025-01-02T10:27,7.43,1
381,4,2025-01-12T12:28,2025-01-12T16:25,30.62,1
382,1,2025-01-22T21:55,2025-01-23T00:28,13.77,1
383,1,2025-01-06T17:25,2025-01-06T19:55,13.46,0
384,1,2025-01-25T00:19,2025-01-25T02:32,15.56,1
385,5,2025-01-13T07:15,2025-01-13T09:27,13.28,1
386,1,2025-01-02T21:26,2025-01-03T00:18,20.92,1
387,1,2025-01-08T06:04,2025-01-08T06:44,4.52,1
388,1,2025-01-08T23:02,2025-01-09T00:59,12.32,1
389,1,2025-01-05T16:18,2025-01-05T17:32,9.19,1
390,3,2025-01-19T19:49,2025-01-19T22:56,23.24,1
391,2,2025-01-22T16:14,2025-01-22T18:14,11.8,1
392,5,2025-01-29T23:58,2025-01-30T00:57,6.76,1
393,4,2025-01-02T11:41,2025-01-02T14:47,19.04,1
394,4,2025-01-14T04:19,2025-01-14T06:10,10.27,1
395,2,2025-01-28T07:19,2025-01-28T11:13,27.78,1
396,1,2025-01-18T13:26,2025-01-18T16:03,17.24,1
397,3,2025-01-07T10:41,2025-01-07T11:16,4.53,1
398,1,2025-01-18T23:53,2025-01-19T00:56,5.41,1
399,5,2025-01-20T01:55,2025-01-20T02:28,3.06,1
400,5,2025-01-07T15:13,2025-01-07T19:10,30.5,1
401,1,2025-01-07T06:47,2025-01-07T07:32,5.43,1
402,2,2025-01-23T19:45,2025-01-23T20:52,6.91,1
403,3,2025-01-25T09:24,2025-01-25T11:38,14.74,1
404,3,2025-01-12T16:56,2025-01-12T19:18,15.14,1
405,4,2025-01-25T10:58,2025-01-25T12:05,6.83,1
406,5,2025-01-28T07:47,2025-01-28T08:39,4.38,1
407,5,2025-01-19T23:26,2025-01-20T00:56,8.19,1
408,4,2025-01-19T07:31,2025-01-19T10:06,17.99,1
409,3,2025-01-25T15:46,2025-01-25T18:45,21.54,1
410,3,2025-01-06T04:46,2025-01-06T07:20,16.59,0
411,5,2025-01-21T01:33,2025-01-21T01:56,2.88,1
412,1,2025-01-25T00:26,2025-01-25T01:16,6.27,1
413,2,2025-01-01T06:32,2025-01-01T08:43,13.36,1
414,5,2025-01-30T15:42,2025-01-30T18:01,11.69,1
415,4,2025-01-01T00:33,2025-01-01T03:52,19.32,0
416,1,2025-01-17T22:43,2025-01-18T00:48,15.46,0
417,1,2025-01-30T03:33,2025-01-30T04:26,5.06,1
418,3,2025-01-27T11:17,2025-01-27T14:55,22.49,1
419,4,2025-01-15T18:15,2025-01-15T21:28,18.26,1
420,1,2025-01-21T20:48,2025-01-21T21:11,2.02,1
421,5,2025-01-16T01:40,2025-01-16T01:57,2.01,1
422,4,2025-01-21T10:36,2025-01-21T14:30,30.89,1
423,1,2025-01-08T06:57,2025-01-08T10:54,27.95,1
424,3,2025-01-02T02:43,2025-01-02T04:09,11.03,1
425,1,2025-01-06T10:01,2025-01-06T11:09,7.66,1
426,4,2025-01-30T02:19,2025-01-30T03:15,6.25,1
427,4,2025-01-22T17:21,2025-01-22T19:14,13.69,1
428,1,2025-01-17T23:22,2025-01-17T23:50,2.47,1
429,1,2025-01-11T19:49,2025-01-11T22:41,22.55,1
430,3,2025-01-01T20:17,2025-01-01T23:52,28.59,1
431,3,2025-01-18T12:27,2025-01-18T13:29,7.27,1
432,1,2025-01-25T19:18,2025-01-25T22:57,20.95,1
433,3,2025-01-05T12:45,2025-01-05T16:20,24.73,1
434,3,2025-01-12T03:05,2025-01-12T03:21,2.09,1
435,3,2025-01-04T04:05,2025-01-04T05:07,6.5,1
436,5,2025-01-14T03:01,2025-01-14T03:38,3.74,1
437,5,2025-01-26T10:55,2025-01-26T12:48,9.49,1
438,1,2025-01-24T17:57,2025-01-24T19:14,8.62,1
439,4,2025-01-06T04:17,2025-01-06T05:49,8.9,1
440,2,2025-01-14T08:26,2025-01-14T09:57,9.79,1
441,3,2025-01-08T23:40,2025-01-09T02:01,15.94,1
442,1,2025-01-05T09:00,2025-01-05T10:56,11.59,1
443,3,2025-01-15T10:27,2025-01-15T14:10,27.77,1
444,5,2025-01-05T09:20,2025-01-05T12:09,22.09,1
445,3,2025-01-06T12:20,2025-01-06T13:49,10.69,1
446,5,2025-01-26T07:20,2025-01-26T09:11,10.81,1
447,3,2025-01-04T18:12,2025-01-04T20:58,22.11,1
448,5,2025-01-01T23:29,2025-01-02T02:45,18.39,1
449,1,2025-01-27T13:43,2025-01-27T16:05,12.82,1
450,3,2025-01-22T04:45,2025-01-22T06:48,15.1,1
451,5,2025-01-16T18:25,2025-01-16T20:56,16.41,0
452,4,2025-01-18T01:50,2025-01-18T03:37,12.67,1
453,5,2025-01-21T02:06,2025-01-21T05:37,20.2,1
454,2,2025-01-21T19:02,2025-01-21T21:41,21.07,1
455,4,2025-01-25T10:50,2025-01-25T12:55,11.08,1
456,2,2025-01-17T23:33,2025-01-18T02:10,17.64,1
457,4,2025-01-12T12:29,2025-01-12T16:01,24.87,1
458,2,2025-01-12T00:30,2025-01-12T01:11,4.02,0
459,1,2025-01-04T23:09,2025-01-05T00:53,10.29,1
460,2,2025-01-17T15:22,2025-01-17T17:38,12.0,1
461,4,2025-01-11T02:19,2025-01-11T02:45,3.22,1
462,3,2025-01-21T03:43,2025-01-21T07:22,20.05,0
463,2,2025-01-17T05:35,2025-01-17T06:30,5.49,1
464,4,2025-01-08T12:40,2025-01-08T13:42,5.74,1
465,4,2025-01-01T23:39,2025-01-02T00:44,6.88,1
466,1,2025-01-23T06:13,2025-01-23T07:39,10.4,1
467,1,2025-01-19T03:51,2025-01-19T07:49,26.22,1
468,2,2025-01-15T03:16,2025-01-15T06:22,23.52,1
469,3,2025-01-20T12:39,2025-01-20T14:34,12.96,1
470,4,2025-01-20T05:52,2025-01-20T08:59,22.18,1
471,5,2025-01-19T02:43,2025-01-19T03:32,4.85,1
472,1,2025-01-06T11:44,2025-01-06T12:35,5.55,1
473,2,2025-01-19T12:27,2025-01-19T13:29,6.68,1
474,2,2025-01-18T05:31,2025-01-18T06:59,7.95,1
475,4,2025-01-20T01:55,2025-01-20T03:41,13.88,1
476,2,2025-01-27T12:35,2025-01-27T14:59,16.7,1
477,4,2025-01-14T22:53,2025-01-15T01:01,13.79,1
478,1,2025-01-26T07:18,2025-01-26T07:41,2.23,1
479,2,2025-01-25T14:36,2025-01-25T18:01,25.0,1
480,5,2025-01-04T18:07,2025-01-04T19:30,10.13,1
481,3,2025-01-18T01:48,2025-01-18T05:07,20.97,1
482,4,2025-01-04T23:53,2025-01-05T02:55,22.0,1
483,1,2025-01-15T08:22,2025-01-15T12:17,29.18,1
484,1,2025-01-25T07:13,2025-01-25T10:55,26.69,1
485,5,2025-01-21T13:10,2025-01-21T16:02,15.53,1
486,2,2025-01-26T01:36,2025-01-26T03:20,11.43,1
487,2,2025-01-11T22:18,2025-01-11T23:47,9.97,0
488,5,2025-01-29T21:52,2025-01-29T22:31,3.51,1
489,4,2025-01-30T01:17,2025-01-30T05:13,27.41,1
490,2,2025-01-08T04:45,2025-01-08T06:22,12.1,1
491,4,2025-01-16T04:36,2025-01-16T07:32,17.03,1
492,4,2025-01-03T20:50,2025-01-04T00:50,29.23,1
493,3,2025-01-23T11:29,2025-01-23T13:48,13.86,1
494,1,2025-01-24T14:40,2025-01-24T17:45,21.87,1
495,5,2025-01-13T06:27,2025-01-13T10:13,21.23,1
496,3,2025-01-11T17:36,2025-01-11T18:24,5.36,1
497,3,2025-01-29T21:48,2025-01-29T22:15,2.31,1
498,4,2025-01-01T03:59,2025-01-01T07:53,21.35,1
499,4,2025-01-07T22:58,2025-01-07T23:46,6.12,1
500,3,2025-01-03T20:23,2025-01-03T21:42,6.91,1
501,2,2025-01-02T12:40,2025-01-02T14:13,11.13,1
502,4,2025-01-21T02:45,2025-01-21T03:24,3.25,1
503,2,2025-01-19T07:33,2025-01-19T10:42,19.96,1
504,3,2025-01-27T03:55,2025-01-27T05:58,14.52,1
505,2,2025-01-13T02:46,2025-01-13T06:27,19.55,1
506,3,2025-01-05T12:49,2025-01-05T16:32,26.98,1
507,2,2025-01-03T16:36,2025-01-03T16:53,1.94,1
508,3,2025-01-24T06:40,2025-01-24T10:06,18.73,1
509,4,2025-01-28T06:05,2025-01-28T06:45,3.61,1
510,4,2025-01-12T13:20,2025-01-12T16:57,19.6,1
511,1,2025-01-08T17:38,2025-01-08T20:26,20.06,1
512,1,2025-01-28T21:56,2025-01-28T23:28,8.61,1
513,2,2025-01-24T12:18,2025-01-24T15:18,15.49,1
514,2,2025-01-16T12:07,2025-01-16T13:23,8.23,1
515,5,2025-01-29T00:23,2025-01-29T01:59,8.63,1
516,5,2025-01-14T11:34,2025-01-14T14:43,17.38,1
517,1,2025-01-01T18:04,2025-01-01T18:22,1.74,1
518,1,2025-01-26T12:32,2025-01-26T14:00,10.1,1
519,4,2025-01-14T22:25,2025-01-14T23:01,4.15,1
520,2,2025-01-09T02:19,2025-01-09T02:54,3.81,1
521,2,2025-01-18T10:25,2025-01-18T13:10,18.98,1
522,1,2025-01-10T22:27,2025-01-11T01:48,26.33,1
523,2,2025-01-03T13:07,2025-01-03T15:18,14.93,1
524,2,2025-01-04T00:45,2025-01-04T01:35,5.92,1
525,3,2025-01-17T16:50,2025-01-17T20:35,26.86,1
526,2,2025-01-24T08:46,2025-01-24T09:31,5.49,1
527,4,2025-01-09T16:04,2025-01-09T17:26,9.75,1
528,1,2025-01-16T14:32,2025-01-16T16:19,9.21,1
529,2,2025-01-12T05:16,2025-01-12T08:48,18.76,1
530,1,2025-01-08T23:32,2025-01-08T23:47,1.28,1
531,2,2025-01-02T15:23,2025-01-02T17:16,14.62,1
532,1,2025-01-18T22:47,2025-01-19T01:49,18.98,1
533,4,2025-01-30T23:20,2025-01-31T00:44,10.47,1
534,1,2025-01-17T21:57,2025-01-17T22:25,2.58,1
535,1,2025-01-13T02:56,2025-01-13T05:10,16.97,1
536,3,2025-01-11T02:35,2025-01-11T04:46,10.97,1
537,5,2025-01-26T09:47,2025-01-26T12:41,16.61,1
538,4,2025-01-25T06:46,2025-01-25T09:20,18.69,1
539,1,2025-01-30T13:01,2025-01-30T14:15,8.17,1
540,1,2025-01-11T00:48,2025-01-11T03:51,18.69,1
541,3,2025-01-04T06:33,2025-01-04T07:48,7.82,0
542,2,2025-01-23T08:05,2025-01-23T08:31,3.36,1
543,5,2025-01-14T22:57,2025-01-15T00:47,11.69,1
544,5,2025-01-04T16:08,2025-01-04T19:06,22.13,1
545,5,2025-01-02T13:42,2025-01-02T14:30,4.57,1
546,3,2025-01-30T12:44,2025-01-30T16:31,27.26,1
547,3,2025-01-08T02:12,2025-01-08T03:01,5.99,1
548,2,2025-01-04T05:28,2025-01-04T07:42,13.27,1
549,3,2025-01-25T06:28,2025-01-25T08:01,9.9,1
550,1,2025-01-06T21:19,2025-01-07T01:05,26.8,1
551,2,2025-01-27T10:09,2025-01-27T10:47,4.52,0
552,4,2025-01-17T01:43,2025-01-17T03:14,8.77,0
553,1,2025-01-13T14:35,2025-01-13T18:01,22.83,1
554,1,2025-01-26T04:07,2025-01-26T04:25,1.56,1
555,2,2025-01-05T06:52,2025-01-05T08:49,11.93,1
556,1,2025-01-19T18:16,2025-01-19T21:59,19.42,0
557,2,2025-01-29T20:28,2025-01-30T00:10,19.93,0
558,3,2025-01-04T01:29,2025-01-04T01:56,2.48,1
559,4,2025-01-16T00:24,2025-01-16T03:33,19.78,1
560,2,2025-01-09T08:28,2025-01-09T09:21,4.51,1
561,2,2025-01-21T09:31,2025-01-21T11:31,15.3,1
562,1,2025-01-09T12:08,2025-01-09T14:10,11.38,1
563,5,2025-01-08T20:51,2025-01-08T23:25,18.95,0
564,3,2025-01-16T17:50,2025-01-16T20:09,13.97,1
565,3,2025-01-13T08:11,2025-01-13T08:32,2.08,1
566,3,2025-01-02T15:33,2025-01-02T17:19,12.9,0
567,2,2025-01-04T07:42,2025-01-04T08:58,7.35,1
568,1,2025-01-25T07:36,2025-01-25T11:27,30.6,1
569,2,2025-01-06T07:37,2025-01-06T09:13,11.87,1
570,5,2025-01-01T22:44,2025-01-02T00:29,13.72,1
571,5,2025-01-07T15:34,2025-01-07T17:08,8.66,1
572,1,2025-01-08T19:14,2025-01-08T19:34,2.19,1
573,5,2025-01-07T04:21,2025-01-07T07:39,18.26,1
574,3,2025-01-02T00:09,2025-01-02T02:54,19.56,1
575,1,2025-01-28T16:55,2025-01-28T18:43,14.19,1
576,4,2025-01-19T03:21,2025-01-19T04:53,9.15,0
577,4,2025-01-26T20:31,2025-01-26T23:32,17.95,1
578,5,2025-01-23T19:50,2025-01-23T21:36,10.02,1
579,2,2025-01-13T09:46,2025-01-13T12:57,18.73,1
580,1,2025-01-23T18:25,2025-01-23T22:17,30.87,0
581,1,2025-01-06T19:20,2025-01-06T23:02,29.24,1
582,5,2025-01-04T15:09,2025-01-04T16:48,11.94,1
583,3,2025-01-06T20:56,2025-01-06T21:33,4.6,1
584,3,2025-01-15T00:16,2025-01-15T01:24,6.52,1
585,3,2025-01-26T03:46,2025-01-26T04:01,1.29,1
586,4,2025-01-06T13:31,2025-01-06T17:31,24.54,1
587,1,2025-01-27T15:50,2025-01-27T19:46,26.49,1
588,2,2025-01-06T14:04,2025-01-06T17:43,27.51,1
589,3,2025-01-09T03:04,2025-01-09T04:46,9.37,1
590,1,2025-01-18T02:21,2025-01-18T05:08,22.14,1
591,1,2025-01-14T20:10,2025-01-14T23:00,21.73,1
592,1,2025-01-11T06:12,2025-01-11T08:11,14.06,1
593,5,2025-01-09T21:18,2025-01-09T22:49,8.66,1
594,5,2025-01-18T15:09,2025-01-18T15:37,2.84,1
595,3,2025-01-27T21:40,2025-01-28T00:28,18.03,1
596,2,2025-01-06T20:18,2025-01-06T20:53,3.75,1
597,4,2025-01-16T15:57,2025-01-16T19:01,17.77,1
598,4,2025-01-06T11:56,2025-01-06T13:48,11.4,1
599,3,2025-01-15T14:16,2025-01-15T15:28,9.01,1
600,2,2025-01-25T22:42,2025-01-25T23:21,3.42,1
601,5,2025-01-14T18:14,2025-01-14T20:50,13.48,1
602,5,2025-01-14T17:43,2025-01-14T21:39,30.72,1
603,2,2025-01-16T09:05,2025-01-16T11:01,14.9,1
604,5,2025-01-19T16:51,2025-01-19T19:32,18.87,1
605,1,2025-01-25T14:11,2025-01-25T15:08,7.52,1
606,2,2025-01-02T13:05,2025-01-02T16:14,19.86,0
607,2,2025-01-27T19:16,2025-01-27T20:52,12.37,0
608,1,2025-01-03T12:35,2025-01-03T14:31,12.87,1
609,5,2025-01-15T00:50,2025-01-15T04:04,22.21,1
610,4,2025-01-04T13:09,2025-01-04T14:01,5.81,1
611,1,2025-01-30T03:36,2025-01-30T07:10,18.91,1
612,5,2025-01-29T11:56,2025-01-29T13:56,11.58,1
613,5,2025-01-20T15:02,2025-01-20T16:01,5.73,1
614,5,2025-01-22T22:25,2025-01-22T22:49,2.47,1
615,2,2025-01-02T23:30,2025-01-03T00:53,10.64,1
616,3,2025-01-10T08:53,2025-01-10T11:13,17.67,1
617,2,2025-01-05T09:47,2025-01-05T11:55,15.62,1
618,4,2025-01-20T20:05,2025-01-20T21:08,6.64,0
619,4,2025-01-24T15:48,2025-01-24T18:15,18.62,1
620,5,2025-01-26T05:04,2025-01-26T06:38,11.17,1
621,5,2025-01-29T18:01,2025-01-29T19:00,5.49,1
622,1,2025-01-08T01:29,2025-01-08T01:56,3.49,1
623,3,2025-01-12T14:32,2025-01-12T16:28,13.35,1
624,1,2025-01-08T11:31,2025-01-08T14:18,17.64,0
625,4,2025-01-19T17:22,2025-01-19T19:05,9.43,1
626,1,2025-01-10T00:24,2025-01-10T00:51,2.47,1
627,2,2025-01-28T07:41,2025-01-28T08:53,8.44,1
628,4,2025-01-17T00:55,2025-01-17T04:29,28.18,1
629,4,2025-01-30T04:41,2025-01-30T05:40,6.69,1
630,3,2025-01-20T09:45,2025-01-20T13:01,22.63,1
631,4,2025-01-28T11:29,2025-01-28T12:48,7.45,1
632,5,2025-01-27T19:25,2025-01-27T22:09,14.51,1
633,3,2025-01-18T20:38,2025-01-18T23:28,16.57,1
634,4,2025-01-03T10:17,2025-01-03T13:15,17.73,1
635,3,2025-01-07T04:33,2025-01-07T08:03,20.02,1
636,5,2025-01-13T21:20,2025-01-14T00:29,17.07,1
637,4,2025-01-10T08:58,2025-01-10T11:00,12.63,1
638,5,2025-01-23T18:52,2025-01-23T19:55,6.33,1
639,5,2025-01-21T15:58,2025-01-21T19:04,18.83,1
640,2,2025-01-27T21:56,2025-01-28T00:33,14.51,1
641,2,2025-01-24T08:46,2025-01-24T12:27,24.59,0
642,3,2025-01-21T02:14,2025-01-21T03:59,9.92,1
643,4,2025-01-26T10:23,2025-01-26T11:44,9.12,1
644,1,2025-01-16T01:55,2025-01-16T04:52,19.91,0
645,1,2025-01-16T06:32,2025-01-16T07:17,5.7,1
646,3,2025-01-14T01:55,2025-01-14T05:48,21.17,0
647,3,2025-01-14T18:57,2025-01-14T21:09,11.95,1
648,2,2025-01-25T02:31,2025-01-25T04:11,11.49,1
649,1,2025-01-01T14:17,2025-01-01T15:25,8.25,1
650,2,2025-01-16T02:08,2025-01-16T05:00,18.06,1
651,4,2025-01-16T12:00,2025-01-16T12:24,2.64,1
652,1,2025-01-29T10:48,2025-01-29T14:36,25.05,1
653,1,2025-01-21T23:15,2025-01-22T00:27,8.5,1
654,2,2025-01-04T12:32,2025-01-04T15:17,16.28,1
655,1,2025-01-10T09:29,2025-01-10T12:50,21.98,1
656,4,2025-01-29T21:08,2025-01-29T22:50,13.58,1
657,2,2025-01-06T12:01,2025-01-06T13:14,6.9,0
658,2,2025-01-24T00:37,2025-01-24T03:01,13.22,1
659,1,2025-01-13T20:16,2025-01-13T23:48,23.33,1
660,1,2025-01-22T03:41,2025-01-22T07:30,19.31,1
661,4,2025-01-15T12:07,2025-01-15T14:42,14.88,1
662,2,2025-01-23T21:40,2025-01-23T21:57,1.67,1
663,5,2025-01-09T19:38,2025-01-09T22:52,17.5,1
664,1,2025-01-17T23:39,2025-01-18T00:24,4.39,1
665,4,2025-01-07T19:12,2025-01-07T22:46,20.65,1
666,2,2025-01-12T22:26,2025-01-12T23:56,8.22,1
667,2,2025-01-23T15:21,2025-01-23T16:36,6.26,1
668,1,2025-01-27T18:42,2025-01-27T21:03,12.8,1
669,5,2025-01-03T23:46,2025-01-04T00:26,5.14,1
670,4,2025-01-10T08:29,2025-01-10T08:56,2.38,1
671,1,2025-01-28T09:23,2025-01-28T13:03,25.78,1
672,1,2025-01-04T01:00,2025-01-04T04:53,21.03,1
673,3,2025-01-12T14:39,2025-01-12T16:02,10.56,1
674,3,2025-01-06T03:25,2025-01-06T05:22,15.38,1
675,4,2025-01-23T15:51,2025-01-23T17:53,14.12,1
676,1,2025-01-05T22:46,2025-01-05T23:16,3.97,1
677,1,2025-01-14T18:30,2025-01-14T22:10,24.59,1
678,5,2025-01-13T11:39,2025-01-13T12:01,2.78,1
679,2,2025-01-16T15:07,2025-01-16T17:07,12.64,1
680,3,2025-01-01T22:55,2025-01-02T02:03,20.6,1
681,5,2025-01-08T21:55,2025-01-08T23:36,11.04,1
682,5,2025-01-04T13:42,2025-01-04T17:03,19.25,1
683,4,2025-01-05T17:57,2025-01-05T20:48,14.72,1
684,2,2025-01-17T15:54,2025-01-17T18:15,17.88,1
685,4,2025-01-11T07:21,2025-01-11T08:47,7.38,1
686,4,2025-01-13T07:05,2025-01-13T09:17,13.93,1
687,1,2025-01-28T15:28,2025-01-28T17:03,8.48,1
688,1,2025-01-04T12:26,2025-01-04T12:50,2.67,1
689,1,2025-01-26T19:39,2025-01-26T22:37,17.54,1
690,2,2025-01-21T21:29,2025-01-21T23:11,10.35,1
691,2,2025-01-28T14:21,2025-01-28T16:59,19.23,1
692,3,2025-01-23T14:07,2025-01-23T14:46,4.73,1
693,3,2025-01-12T20:51,2025-01-12T22:20,9.85,1
694,1,2025-01-02T05:31,2025-01-02T06:21,6.22,1
695,4,2025-01-04T08:39,2025-01-04T09:44,6.03,0
696,4,2025-01-07T14:52,2025-01-07T18:27,19.97,1
697,4,2025-01-02T20:53,2025-01-03T00:00,21.09,1
698,4,2025-01-15T21:37,2025-01-16T00:01,12.97,1
699,5,2025-01-24T01:35,2025-01-24T03:40,15.66,1
700,5,2025-01-25T05:44,2025-01-25T08:27,15.0,1
701,1,2025-01-13T21:38,2025-01-14T00:28,21.67,1
702,4,2025-01-14T19:58,2025-01-14T23:10,23.32,1
703,3,2025-01-10T14:51,2025-01-10T15:40,4.42,1
704,5,2025-01-10T22:35,2025-01-11T02:30,23.27,1
705,5,2025-01-21T06:12,2025-01-21T07:20,7.79,1
706,3,2025-01-30T21:08,2025-01-31T00:24,22.7,0
707,5,2025-01-18T22:40,2025-01-19T00:17,11.53,1
708,5,2025-01-16T18:36,2025-01-16T21:41,21.99,1
709,5,2025-01-10T13:51,2025-01-10T14:09,1.97,1
710,2,2025-01-02T21:03,2025-01-02T22:09,6.38,1
711,3,2025-01-22T08:09,2025-01-22T11:58,19.79,1
712,2,2025-01-25T17:02,2025-01-25T18:48,13.15,1
713,5,2025-01-28T07:47,2025-01-28T10:47,20.05,1
714,3,2025-01-23T21:03,2025-01-23T22:55,11.5,0
715,3,2025-01-18T01:00,2025-01-18T04:25,19.66,1
716,4,2025-01-27T07:58,2025-01-27T10:55,20.99,1
717,5,2025-01-18T23:38,2025-01-19T00:43,7.94,0
718,3,2025-01-15T05:43,2025-01-15T06:17,3.15,1
719,5,2025-01-04T12:02,2025-01-04T14:06,12.06,1
720,2,2025-01-19T08:00,2025-01-19T09:39,10.56,0
721,1,2025-01-05T10:38,2025-01-05T11:06,3.42,1
722,3,2025-01-16T18:35,2025-01-16T20:21,9.22,1
723,5,2025-01-08T05:33,2025-01-08T06:05,3.92,1
724,5,2025-01-18T12:05,2025-01-18T13:49,9.82,1
725,3,2025-01-11T11:18,2025-01-11T12:28,9.16,1
726,4,2025-01-18T20:00,2025-01-18T20:44,5.14,1
727,5,2025-01-30T19:15,2025-01-30T19:40,2.94,1
728,1,2025-01-13T08:34,2025-01-13T11:54,19.49,0
729,3,2025-01-17T16:28,2025-01-17T18:47,11.89,1
730,2,2025-01-11T16:05,2025-01-11T16:44,3.58,0
731,5,2025-01-18T00:40,2025-01-18T01:11,2.91,1
732,2,2025-01-28T21:27,2025-01-29T01:15,20.18,1
733,4,2025-01-21T02:47,2025-01-21T05:57,17.29,1
734,3,2025-01-02T02:04,2025-01-02T02:32,2.58,1
735,1,2025-01-19T07:58,2025-01-19T09:19,8.4,1
736,4,2025-01-14T10:01,2025-01-14T11:55,13.34,1
737,5,2025-01-03T23:37,2025-01-04T00:03,3.08,1
738,5,2025-01-04T09:50,2025-01-04T13:00,18.7,1
739,4,2025-01-13T12:52,2025-01-13T15:56,15.62,1
740,2,2025-01-05T23:25,2025-01-06T03:03,26.86,1
741,2,2025-01-10T21:56,2025-01-11T01:34,27.62,1
742,1,2025-01-18T17:09,2025-01-18T17:55,3.93,1
743,4,2025-01-18T17:05,2025-01-18T18:38,8.73,1
744,3,2025-01-07T13:57,2025-01-07T16:57,22.66,1
745,2,2025-01-08T19:53,2025-01-08T21:12,7.35,1
746,5,2025-01-28T01:54,2025-01-28T05:21,26.9,0
747,4,2025-01-21T17:04,2025-01-21T18:33,10.41,1
748,2,2025-01-24T18:31,2025-01-24T20:10,10.02,1
749,2,2025-01-04T09:39,2025-01-04T10:11,4.11,1
750,4,2025-01-11T19:42,2025-01-11T21:15,10.97,1
751,5,2025-01-12T10:27,2025-01-12T11:25,4.85,1
752,2,2025-01-23T23:41,2025-01-24T01:47,12.24,1
753,3,2025-01-29T15:29,2025-01-29T17:38,13.06,1
754,5,2025-01-04T05:41,2025-01-04T08:31,14.86,1
755,2,2025-01-29T17:12,2025-01-29T18:34,9.84,1
756,1,2025-01-29T00:54,2025-01-29T03:18,16.55,1
757,5,2025-01-13T18:13,2025-01-13T18:37,2.66,1
758,5,2025-01-16T20:49,2025-01-16T21:42,5.39,1
759,5,2025-01-24T09:08,2025-01-24T11:21,14.42,1
760,3,2025-01-17T00:42,2025-01-17T01:58,9.56,1
761,5,2025-01-22T05:48,2025-01-22T08:14,13.19,1
762,5,2025-01-19T21:55,2025-01-19T22:47,6.25,1
763,3,2025-01-02T07:48,2025-01-02T10:07,13.19,1
764,2,2025-01-02T21:13,2025-01-02T23:40,18.92,1
765,4,2025-01-30T14:56,2025-01-30T15:22,2.22,1
766,1,2025-01-23T16:40,2025-01-23T20:27,22.02,1
767,5,2025-01-18T18:11,2025-01-18T20:02,12.88,1
768,1,2025-01-17T08:24,2025-01-17T09:36,7.86,1
769,3,2025-01-16T15:56,2025-01-16T18:45,14.14,1
770,4,2025-01-06T07:04,2025-01-06T09:30,16.86,1
771,2,2025-01-06T11:38,2025-01-06T14:56,24.59,1
772,4,2025-01-26T10:46,2025-01-26T11:30,4.73,1
773,2,2025-01-19T05:41,2025-01-19T09:29,23.68,1
774,2,2025-01-19T18:10,2025-01-19T18:59,5.63,1
775,5,2025-01-05T01:10,2025-01-05T02:31,10.49,1
776,4,2025-01-20T18:40,2025-01-20T18:59,2.42,1
777,3,2025-01-03T06:28,2025-01-03T09:18,22.61,1
778,2,2025-01-08T13:38,2025-01-08T14:29,6.28,1
779,2,2025-01-20T21:32,2025-01-20T22:54,7.52,1
780,4,2025-01-20T18:04,2025-01-20T19:17,7.46,1
781,1,2025-01-07T16:55,2025-01-07T19:19,16.93,1
782,5,2025-01-04T05:30,2025-01-04T08:22,19.49,1
783,5,2025-01-17T03:05,2025-01-17T05:23,16.05,0
784,5,2025-01-27T00:57,2025-01-27T04:30,24.98,1
785,4,2025-01-12T01:44,2025-01-12T04:14,15.72,0
786,4,2025-01-26T12:22,2025-01-26T15:07,20.39,0
787,5,2025-01-04T13:08,2025-01-04T14:28,8.58,1
788,1,2025-01-10T19:56,2025-01-10T22:30,15.98,1
789,1,2025-01-19T16:07,2025-01-19T18:35,12.39,1
790,3,2025-01-14T11:06,2025-01-14T12:00,5.65,1
791,3,2025-01-28T17:27,2025-01-28T20:06,16.16,1
792,4,2025-01-25T06:26,2025-01-25T09:02,19.11,1
793,3,2025-01-18T17:30,2025-01-18T18:49,10.49,1
794,4,2025-01-24T04:54,2025-01-24T08:50,27.45,1
795,4,2025-01-26T22:10,2025-01-26T22:50,3.76,1
796,3,2025-01-26T17:39,2025-01-26T20:52,22.69,1
797,4,2025-01-21T00:51,2025-01-21T01:29,4.73,1
798,5,2025-01-14T02:04,2025-01-14T03:26,7.74,1
799,1,2025-01-24T12:59,2025-01-24T14:56,13.34,1
800,5,2025-01-02T05:40,2025-01-02T08:01,14.84,1
801,5,2025-01-10T06:02,2025-01-10T09:37,24.36,1
802,2,2025-01-20T05:43,2025-01-20T06:07,2.43,1
803,2,2025-01-03T08:49,2025-01-03T10:46,11.82,1
804,5,2025-01-07T16:00,2025-01-07T19:23,24.06,0
805,5,2025-01-10T23:53,2025-01-11T02:31,20.4,1
806,3,2025-01-08T19:12,2025-01-08T21:23,17.01,1
807,3,2025-01-06T13:32,2025-01-06T14:14,4.67,1
808,3,2025-01-04T16:16,2025-01-04T20:15,26.34,1
809,3,2025-01-23T14:24,2025-01-23T17:03,17.09,1
810,3,2025-01-25T14:43,2025-01-25T16:55,16.92,1
811,4,2025-01-04T08:04,2025-01-04T09:56,12.88,0
812,2,2025-01-26T10:26,2025-01-26T12:11,11.46,1
813,3,2025-01-08T09:05,2025-01-08T11:02,13.69,1
814,1,2025-01-18T05:30,2025-01-18T07:05,9.6,1
815,3,2025-01-06T23:43,2025-01-07T00:46,6.82,1
816,2,2025-01-28T08:13,2025-01-28T09:26,6.82,1
817,5,2025-01-12T04:49,2025-01-12T05:31,3.75,1
818,4,2025-01-20T00:48,2025-01-20T04:42,25.84,1
819,4,2025-01-12T19:20,2025-01-12T21:41,18.08,1
820,5,2025-01-28T08:31,2025-01-28T09:32,8.09,0
821,3,2025-01-13T07:48,2025-01-13T10:30,14.54,1
822,4,2025-01-16T17:02,2025-01-16T19:25,14.4,1
823,2,2025-01-15T03:44,2025-01-15T06:11,15.63,1
824,1,2025-01-22T06:24,2025-01-22T09:07,14.4,1
825,3,2025-01-06T17:16,2025-01-06T18:31,7.26,0
826,3,2025-01-12T05:31,2025-01-12T07:34,11.54,1
827,3,2025-01-12T12:17,2025-01-12T14:27,12.0,1
828,5,2025-01-22T07:52,2025-01-22T08:32,4.77,1
829,5,2025-01-14T12:12,2025-01-14T13:04,6.41,1
830,4,2025-01-26T00:11,2025-01-26T02:13,13.21,0
831,5,2025-01-18T23:20,2025-01-19T02:56,23.26,1
832,5,2025-01-02T12:06,2025-01-02T15:17,17.48,1
833,3,2025-01-16T20:06,2025-01-16T22:16,15.67,1
834,3,2025-01-18T17:59,2025-01-18T21:41,21.36,1
835,1,2025-01-12T21:38,2025-01-12T22:43,7.29,1
836,5,2025-01-06T09:22,2025-01-06T11:00,11.47,1
837,4,2025-01-29T02:24,2025-01-29T05:16,16.8,1
838,2,2025-01-28T05:40,2025-01-28T09:21,28.68,1
839,5,2025-01-19T12:54,2025-01-19T13:27,2.88,1
840,3,2025-01-11T20:18,2025-01-11T23:34,18.95,1
841,3,2025-01-29T14:49,2025-01-29T18:44,30.61,1
842,5,2025-01-15T13:10,2025-01-15T14:12,7.81,1
843,2,2025-01-22T08:47,2025-01-22T12:01,23.44,1
844,4,2025-01-04T03:04,2025-01-04T07:03,25.57,1
845,4,2025-01-17T02:06,2025-01-17T03:28,9.37,1
846,4,2025-01-10T07:15,2025-01-10T10:38,19.8,1
847,2,2025-01-17T05:01,2025-01-17T05:24,2.68,1
848,3,2025-01-28T15:29,2025-01-28T19:26,26.16,1
849,4,2025-01-05T22:34,2025-01-05T23:34,6.77,1
850,5,2025-01-14T16:40,2025-01-14T19:38,19.58,0
851,4,2025-01-18T07:51,2025-01-18T08:28,3.9,1
852,3,2025-01-05T09:00,2025-01-05T09:15,1.64,1
853,2,2025-01-12T09:30,2025-01-12T12:01,12.65,0
854,4,2025-01-10T00:49,2025-01-10T02:54,15.4,1
855,1,2025-01-18T11:12,2025-01-18T13:12,15.29,1
856,2,2025-01-06T22:47,2025-01-07T01:47,18.51,1
857,3,2025-01-03T13:40,2025-01-03T14:56,8.3,1
858,5,2025-01-26T22:43,2025-01-27T00:07,8.2,1
859,3,2025-01-14T06:54,2025-01-14T07:26,2.96,1
860,4,2025-01-20T14:17,2025-01-20T17:31,22.21,1
861,1,2025-01-05T01:34,2025-01-05T01:54,1.85,1
862,3,2025-01-05T22:28,2025-01-06T01:49,16.83,1
863,1,2025-01-16T06:21,2025-01-16T08:23,12.07,1
864,3,2025-01-15T22:50,2025-01-15T23:13,2.3,1
865,2,2025-01-02T08:49,2025-01-02T10:44,9.99,1
866,2,2025-01-29T08:52,2025-01-29T10:44,13.97,1
867,2,2025-01-13T14:15,2025-01-13T17:38,27.01,1
868,1,2025-01-17T21:13,2025-01-17T23:29,13.98,0
869,3,2025-01-06T20:46,2025-01-06T21:11,3.01,1
870,1,2025-01-09T15:40,2025-01-09T17:11,8.49,1
871,2,2025-01-04T07:40,2025-01-04T09:46,12.54,1
872,3,2025-01-19T03:25,2025-01-19T07:02,20.72,0
873,5,2025-01-26T22:30,2025-01-27T01:41,21.61,1
874,1,2025-01-08T05:31,2025-01-08T06:09,4.47,1
875,1,2025-01-02T11:41,2025-01-02T12:35,6.39,1
876,2,2025-01-16T07:20,2025-01-16T09:57,19.27,1
877,4,2025-01-24T06:01,2025-01-24T09:12,19.52,1
878,3,2025-01-29T01:31,2025-01-29T04:46,20.52,1
879,4,2025-01-07T18:11,2025-01-07T20:45,15.51,1
880,3,2025-01-28T19:58,2025-01-28T23:53,26.1,1
881,2,2025-01-15T09:52,2025-01-15T11:14,9.05,1
882,5,2025-01-13T23:11,2025-01-13T23:30,2.17,1
883,5,2025-01-08T10:46,2025-01-08T11:17,3.6,1
884,4,2025-01-07T16:43,2025-01-07T19:05,17.27,1
885,3,2025-01-11T13:41,2025-01-11T15:18,8.62,1
886,1,2025-01-02T04:11,2025-01-02T08:09,20.21,1
887,2,2025-01-04T01:36,2025-01-04T04:35,22.4,1
888,5,2025-01-20T22:37,2025-01-20T23:57,6.86,1
889,1,2025-01-01T06:41,2025-01-01T09:01,18.17,1
890,4,2025-01-26T20:03,2025-01-26T21:50,11.9,0
891,4,2025-01-27T11:50,2025-01-27T15:06,16.9,1
892,5,2025-01-02T23:04,2025-01-03T02:52,22.46,0
893,5,2025-01-04T03:46,2025-01-04T05:00,8.13,1
894,5,2025-01-22T07:36,2025-01-22T10:31,22.87,1
895,5,2025-01-14T23:06,2025-01-15T02:37,24.32,1
896,4,2025-01-23T21:27,2025-01-23T22:08,3.76,1
897,4,2025-01-17T10:42,2025-01-17T11:37,6.05,1
898,3,2025-01-29T10:35,2025-01-29T12:13,12.31,1
899,4,2025-01-27T23:20,2025-01-28T02:10,16.21,1
900,4,2025-01-25T17:59,2025-01-25T21:24,19.69,0
901,4,2025-01-13T00:46,2025-01-13T01:09,3.05,1
902,5,2025-01-05T09:00,2025-01-05T10:31,12.06,1
903,3,2025-01-01T22:52,2025-01-02T00:17,10.99,1
904,5,2025-01-30T18:09,2025-01-30T18:48,3.32,1
905,2,2025-01-09T11:56,2025-01-09T14:40,15.72,1
906,3,2025-01-03T18:25,2025-01-03T21:05,20.68,1
907,3,2025-01-26T15:11,2025-01-26T17:30,17.32,1
908,5,2025-01-27T03:38,2025-01-27T06:37,17.61,1
909,5,2025-01-13T02:49,2025-01-13T03:18,3.75,1
910,4,2025-01-14T03:55,2025-01-14T07:27,20.07,1
911,5,2025-01-30T00:40,2025-01-30T04:14,24.6,1
912,5,2025-01-02T10:34,2025-01-02T13:13,14.44,1
913,2,2025-01-05T01:43,2025-01-05T05:05,26.91,0
914,5,2025-01-19T16:05,2025-01-19T17:16,7.45,1
915,2,2025-01-05T10:05,2025-01-05T12:21,15.22,1
916,4,2025-01-09T02:25,2025-01-09T04:48,15.02,1
917,2,2025-01-16T17:12,2025-01-16T19:31,14.33,1
918,5,2025-01-20T23:33,2025-01-21T00:51,7.45,1
919,4,2025-01-11T21:59,2025-01-12T00:41,14.23,1
920,4,2025-01-12T11:12,2025-01-12T12:49,9.75,1
921,3,2025-01-06T11:39,2025-01-06T15:24,29.89,1
922,2,2025-01-15T01:59,2025-01-15T05:43,21.28,1
923,2,2025-01-25T23:54,2025-01-26T00:30,3.2,1
924,5,2025-01-30T04:55,2025-01-30T08:43,28.35,1
925,1,2025-01-10T14:30,2025-01-10T14:50,2.0,1
926,2,2025-01-07T17:33,2025-01-07T21:00,19.93,1
927,2,2025-01-23T22:42,2025-01-23T23:01,1.94,0
928,5,2025-01-02T08:10,2025-01-02T08:40,2.93,1
929,5,2025-01-09T01:29,2025-01-09T04:31,23.77,1
930,3,2025-01-22T21:23,2025-01-23T01:19,20.94,1
931,4,2025-01-08T12:32,2025-01-08T15:48,17.31,1
932,5,2025-01-18T02:11,2025-01-18T03:16,7.04,1
933,1,2025-01-02T07:59,2025-01-02T10:29,14.79,1
934,2,2025-01-01T11:43,2025-01-01T13:28,10.62,1
935,5,2025-01-09T01:40,2025-01-09T03:00,10.18,1
936,1,2025-01-18T08:14,2025-01-18T09:07,5.32,1
937,2,2025-01-03T23:24,2025-01-04T01:52,19.44,1
938,2,2025-01-14T07:36,2025-01-14T08:30,5.65,1
939,5,2025-01-11T14:34,2025-01-11T15:22,4.5,1
940,5,2025-01-22T06:55,2025-01-22T07:45,4.94,1
941,5,2025-01-30T04:27,2025-01-30T07:59,19.21,0
942,2,2025-01-11T02:35,2025-01-11T05:06,19.75,1
943,3,2025-01-27T04:46,2025-01-27T05:08,2.68,1
944,4,2025-01-14T09:28,2025-01-14T12:53,26.65,1
945,3,2025-01-05T06:06,2025-01-05T06:54,4.44,1
946,5,2025-01-20T08:38,2025-01-20T11:18,18.23,1
947,2,2025-01-22T00:22,2025-01-22T00:57,4.12,1
948,5,2025-01-28T19:30,2025-01-28T22:47,22.81,1
949,4,2025-01-16T15:08,2025-01-16T16:04,5.21,1
950,1,2025-01-30T08:26,2025-01-30T09:37,8.55,0
951,2,2025-01-03T05:59,2025-01-03T08:06,16.09,1
952,3,2025-01-28T14:56,2025-01-28T16:14,8.17,1
953,5,2025-01-24T12:46,2025-01-24T14:21,9.79,0
954,5,2025-01-20T17:33,2025-01-20T20:32,22.75,1
955,5,2025-01-04T14:29,2025-01-04T18:15,28.75,1
956,2,2025-01-17T17:25,2025-01-17T20:48,17.32,1
957,1,2025-01-07T09:28,2025-01-07T11:24,14.8,1
958,3,2025-01-15T05:27,2025-01-15T06:57,10.26,1
959,5,2025-01-29T04:29,2025-01-29T08:16,26.25,1
960,5,2025-01-04T05:49,2025-01-04T08:33,21.36,1
961,2,2025-01-13T13:20,2025-01-13T15:30,11.0,1
962,2,2025-01-29T14:05,2025-01-29T15:24,7.86,1
963,2,2025-01-23T23:07,2025-01-23T23:45,3.38,1
964,3,2025-01-03T16:45,2025-01-03T18:38,13.52,0
965,5,2025-01-06T12:35,2025-01-06T14:27,9.58,1
966,3,2025-01-19T21:55,2025-01-19T22:48,4.85,1
967,1,2025-01-14T09:19,2025-01-14T12:40,24.47,1
968,2,2025-01-04T04:12,2025-01-04T04:27,1.72,1
969,4,2025-01-16T15:34,2025-01-16T19:15,18.48,1
970,2,2025-01-07T18:42,2025-01-07T20:58,14.42,1
971,5,2025-01-20T00:15,2025-01-20T04:15,26.57,1
972,5,2025-01-27T06:03,2025-01-27T07:05,5.63,1
973,1,2025-01-05T01:42,2025-01-05T04:24,20.29,1
974,1,2025-01-02T03:26,2025-01-02T04:26,5.48,1
975,5,2025-01-19T17:11,2025-01-19T19:22,15.82,1
976,1,2025-01-03T09:20,2025-01-03T11:09,13.97,1
977,4,2025-01-27T17:04,2025-01-27T18:33,9.51,1
978,3,2025-01-11T16:26,2025-01-11T18:55,13.98,1
979,1,2025-01-04T18:46,2025-01-04T21:42,19.32,1
980,5,2025-01-30T22:18,2025-01-31T00:22,14.11,1
981,5,2025-01-19T19:22,2025-01-19T20:10,5.47,1
982,4,2025-01-16T05:56,2025-01-16T08:47,16.24,1
983,2,2025-01-01T03:01,2025-01-01T05:15,15.36,1
984,2,2025-01-26T19:26,2025-01-26T21:26,10.27,1
985,2,2025-01-01T20:12,2025-01-01T23:23,18.61,1
986,3,2025-01-10T16:35,2025-01-10T18:12,11.8,1
987,3,2025-01-11T12:46,2025-01-11T15:26,18.26,1
988,2,2025-01-07T10:53,2025-01-07T12:34,13.07,1
989,4,2025-01-26T01:41,2025-01-26T02:30,5.26,1
990,5,2025-01-29T10:29,2025-01-29T14:04,26.67,0
991,1,2025-01-27T16:19,2025-01-27T18:58,19.01,1
992,5,2025-01-01T06:36,2025-01-01T09:46,18.98,0
993,3,2025-01-03T04:17,2025-01-03T08:07,19.53,0
994,5,2025-01-27T05:36,2025-01-27T08:26,17.48,1
995,3,2025-01-23T10:45,2025-01-23T11:08,2.23,1
996,2,2025-01-12T14:53,2025-01-12T16:25,8.66,1
997,1,2025-01-12T01:49,2025-01-12T02:55,8.51,1
998,1,2025-01-26T15:57,2025-01-26T18:20,13.02,1
999,4,2025-01-24T16:19,2025-01-24T19:52,21.24,1
1000,1,2025-01-27T16:43,2025-01-27T17:31,4.49,1
